from,to
Abdul Malik,Akram
Abdul Rauf,Ali Ghufron
Abdul Rauf,Azhari Husin
Abdul Rauf,Dulmatin
Abdul Rauf,Hambali
Abdul Rauf,Imam Samudra
Abdul Rauf,Iqbal
Abdul Rauf,Mohamed Ihsan
Abdul Rauf,Toni Togar
Abdul Rauf,Umar Patek
Abdullah Sunata,Ahmad Rofiq Ridho
Abdullah Sunata,Aris Munandar
Abdullah Sunata,Asep Jaja
Abdullah Sunata,Dani Chandra
Abdullah Sunata,Dulmatin
Abdullah Sunata,Enceng Kurnia
Abdullah Sunata,Hari Kuncoro
Abdullah Sunata,Harun
Abdullah Sunata,Hence Malewa
Abdullah Sunata,Marwan
Abdullah Sunata,Mohamed Saifuddin (alias Faiz)
Abdullah Sunata,Muchtar
Abdullah Sunata,Purnama Putra
Abdullah Sunata,Salman
Abdullah Sunata,Suramto
Abdullah Sunata,Ubeid
Abdullah Sunata,Umar Patek
Abdullah Sunata,Umar Wayan
Abdullah Sunata,Usman bin Sef
Abdullah Sunata,Zulkarnaen
Abu Bakar Ba'asyir,Azhari Husin
Abu Bakar Ba'asyir,Hambali
Abu Bakar Ba'asyir,Imam Samudra
Abu Bakar Ba'asyir,Mohamed Ihsan
Abu Bakar Ba'asyir,Toni Togar
Abu Dujanah,Azhari Husin
Abu Dujanah,Ismail
Abu Dujanah,Noordin Mohammed Top
Abu Dujanah,Qotadah
Abu Fida,Achmad Hasan
Abu Fida,Adung
Abu Fida,Agus Ahmad
Abu Fida,Apuy
Abu Fida,Azhari Husin
Abu Fida,Baharudin Soleh
Abu Fida,Chandra
Abu Fida,Harun
Abu Fida,Heri Golun
Abu Fida,Heri Sigu Samboja
Abu Fida,Iqbal Huseini
Abu Fida,Irun Hidayat
Abu Fida,Iwan Dharmawan
Abu Fida,Noordin Mohammed Top
Abu Fida,Purnama Putra
Abu Fida,Son Hadi
Abu Fida,Suramto
Abu Fida,Ubeid
Abu Fida,Umar
Abu Fida,Urwah
Abu Fida,Usman bin Sef
Achmad Hasan,Abu Fida
Achmad Hasan,Agus Ahmad
Achmad Hasan,Apuy
Achmad Hasan,Azhari Husin
Achmad Hasan,Baharudin Soleh
Achmad Hasan,Chandra
Achmad Hasan,Harun
Achmad Hasan,Heri Golun
Achmad Hasan,Heri Sigu Samboja
Achmad Hasan,Iqbal Huseini
Achmad Hasan,Irun Hidayat
Achmad Hasan,Iwan Dharmawan
Achmad Hasan,Noordin Mohammed Top
Achmad Hasan,Son Hadi
Achmad Hasan,Ubeid
Achmad Hasan,Umar
Achmad Hasan,Urwah
Adung,Abu Fida
Adung,Son Hadi
Agus Ahmad,Abu Fida
Agus Ahmad,Achmad Hasan
Agus Ahmad,Apuy
Agus Ahmad,Azhari Husin
Agus Ahmad,Baharudin Soleh
Agus Ahmad,Chandra
Agus Ahmad,Harun
Agus Ahmad,Heri Golun
Agus Ahmad,Heri Sigu Samboja
Agus Ahmad,Iqbal Huseini
Agus Ahmad,Irun Hidayat
Agus Ahmad,Iwan Dharmawan
Agus Ahmad,Noordin Mohammed Top
Agus Ahmad,Son Hadi
Agus Ahmad,Ubeid
Agus Ahmad,Umar
Agus Ahmad,Urwah
Ahmad Rofiq Ridho,Abdullah Sunata
Ahmad Rofiq Ridho,Asep Jaja
Ahmad Rofiq Ridho,Azhari Husin
Ahmad Rofiq Ridho,Hari Kuncoro
Ahmad Rofiq Ridho,Imam Bukhori
Ahmad Rofiq Ridho,Iwan Dharmawan
Ahmad Rofiq Ridho,Jabir
Ahmad Rofiq Ridho,Joko Triharmanto
Ahmad Rofiq Ridho,Joni Achmad Fauzan
Ahmad Rofiq Ridho,Mohamed Saifuddin (alias Faiz)
Ahmad Rofiq Ridho,Mus'ab Sahidi
Ahmad Rofiq Ridho,Noordin Mohammed Top
Ahmad Rofiq Ridho,Purnama Putra
Ahmad Rofiq Ridho,Ubeid
Ahmad Rofiq Ridho,Usman bin Sef
Akram,Abdul Malik
Akram,Mohamed Saifuddin (alias Faiz)
Ali Ghufron,Abdul Rauf
Ali Ghufron,Azhari Husin
Ali Ghufron,Dulmatin
Ali Ghufron,Hambali
Ali Ghufron,Imam Samudra
Ali Ghufron,Iqbal
Ali Ghufron,Mohamed Ihsan
Ali Ghufron,Toni Togar
Ali Ghufron,Umar Patek
Anif Solchanudin,Azhari Husin
Anif Solchanudin,Baharudin Soleh
Anif Solchanudin,Jabir
Anif Solchanudin,Misno
Anif Solchanudin,Noordin Mohammed Top
Anif Solchanudin,Salik Firdaus
Anif Solchanudin,Subur Sugiarto
Apuy,Abu Fida
Apuy,Achmad Hasan
Apuy,Agus Ahmad
Apuy,Azhari Husin
Apuy,Baharudin Soleh
Apuy,Chandra
Apuy,Harun
Apuy,Heri Golun
Apuy,Heri Sigu Samboja
Apuy,Iqbal Huseini
Apuy,Irun Hidayat
Apuy,Iwan Dharmawan
Apuy,Noordin Mohammed Top
Apuy,Saptono
Apuy,Son Hadi
Apuy,Suramto
Apuy,Ubeid
Apuy,Umar
Apuy,Urwah
Aris Munandar,Abdullah Sunata
Aris Munandar,Asep Jaja
Aris Munandar,Dani Chandra
Aris Munandar,Hari Kuncoro
Aris Munandar,Mohamed Saifuddin (alias Faiz)
Aris Munandar,Muchtar
Aris Munandar,Salman
Aris Munandar,Suramto
Aris Munandar,Umar Wayan
Aris Munandar,Zulkarnaen
Asep Jaja,Abdullah Sunata
Asep Jaja,Ahmad Rofiq Ridho
Asep Jaja,Aris Munandar
Asep Jaja,Dani Chandra
Asep Jaja,Enceng Kurnia
Asep Jaja,Hari Kuncoro
Asep Jaja,Harun
Asep Jaja,Hence Malewa
Asep Jaja,Mohamed Saifuddin (alias Faiz)
Asep Jaja,Muchtar
Asep Jaja,Purnama Putra
Asep Jaja,Salman
Asep Jaja,Suramto
Asep Jaja,Umar Wayan
Asep Jaja,Zulkarnaen
Asmar Latin Sani,Azhari Husin
Asmar Latin Sani,Hambali
Asmar Latin Sani,Ismail
Asmar Latin Sani,Mohamed Ihsan
Asmar Latin Sani,Mohamed Rais
Asmar Latin Sani,Noordin Mohammed Top
Asmar Latin Sani,Sardona Siliwangi
Asmar Latin Sani,Tohir
Asmar Latin Sani,Toni Togar
Azhari Husin,Abdul Rauf
Azhari Husin,Abu Bakar Ba'asyir
Azhari Husin,Abu Dujanah
Azhari Husin,Abu Fida
Azhari Husin,Achmad Hasan
Azhari Husin,Agus Ahmad
Azhari Husin,Ahmad Rofiq Ridho
Azhari Husin,Ali Ghufron
Azhari Husin,Anif Solchanudin
Azhari Husin,Apuy
Azhari Husin,Asmar Latin Sani
Azhari Husin,Baharudin Soleh
Azhari Husin,Chandra
Azhari Husin,Cholily
Azhari Husin,Dulmatin
Azhari Husin,Hambali
Azhari Husin,Harun
Azhari Husin,Heri Golun
Azhari Husin,Heri Sigu Samboja
Azhari Husin,Imam Bukhori
Azhari Husin,Imam Samudra
Azhari Husin,Iqbal
Azhari Husin,Iqbal Huseini
Azhari Husin,Irun Hidayat
Azhari Husin,Ismail
Azhari Husin,Iwan Dharmawan
Azhari Husin,Jabir
Azhari Husin,Misno
Azhari Husin,Mohamed Ihsan
Azhari Husin,Mohamed Rais
Azhari Husin,Noordin Mohammed Top
Azhari Husin,Qotadah
Azhari Husin,Salik Firdaus
Azhari Husin,Sardona Siliwangi
Azhari Husin,Son Hadi
Azhari Husin,Subur Sugiarto
Azhari Husin,Tohir
Azhari Husin,Toni Togar
Azhari Husin,Ubeid
Azhari Husin,Umar
Azhari Husin,Umar Patek
Azhari Husin,Urwah
Azhari Husin,Usman bin Sef
Baharudin Soleh,Abu Fida
Baharudin Soleh,Achmad Hasan
Baharudin Soleh,Agus Ahmad
Baharudin Soleh,Anif Solchanudin
Baharudin Soleh,Apuy
Baharudin Soleh,Azhari Husin
Baharudin Soleh,Chandra
Baharudin Soleh,Harun
Baharudin Soleh,Heri Golun
Baharudin Soleh,Heri Sigu Samboja
Baharudin Soleh,Iqbal Huseini
Baharudin Soleh,Irun Hidayat
Baharudin Soleh,Iwan Dharmawan
Baharudin Soleh,Jabir
Baharudin Soleh,Misno
Baharudin Soleh,Noordin Mohammed Top
Baharudin Soleh,Salik Firdaus
Baharudin Soleh,Son Hadi
Baharudin Soleh,Subur Sugiarto
Baharudin Soleh,Ubeid
Baharudin Soleh,Umar
Baharudin Soleh,Urwah
Chandra,Abu Fida
Chandra,Achmad Hasan
Chandra,Agus Ahmad
Chandra,Apuy
Chandra,Azhari Husin
Chandra,Baharudin Soleh
Chandra,Harun
Chandra,Heri Golun
Chandra,Heri Sigu Samboja
Chandra,Iqbal Huseini
Chandra,Irun Hidayat
Chandra,Iwan Dharmawan
Chandra,Noordin Mohammed Top
Chandra,Son Hadi
Chandra,Ubeid
Chandra,Umar
Chandra,Urwah
Cholily,Azhari Husin
Cholily,Heri Sigu Samboja
Cholily,Jabir
Cholily,Noordin Mohammed Top
Cholily,Qotadah
Dani Chandra,Abdullah Sunata
Dani Chandra,Aris Munandar
Dani Chandra,Asep Jaja
Dani Chandra,Hari Kuncoro
Dani Chandra,Mohamed Saifuddin (alias Faiz)
Dani Chandra,Muchtar
Dani Chandra,Salman
Dani Chandra,Suramto
Dani Chandra,Umar Wayan
Dani Chandra,Zulkarnaen
Dulmatin,Abdul Rauf
Dulmatin,Abdullah Sunata
Dulmatin,Ali Ghufron
Dulmatin,Azhari Husin
Dulmatin,Hambali
Dulmatin,Hari Kuncoro
Dulmatin,Imam Samudra
Dulmatin,Iqbal
Dulmatin,Marwan
Dulmatin,Mohamed Ihsan
Dulmatin,Mohamed Saifuddin (alias Faiz)
Dulmatin,Salman
Dulmatin,Toni Togar
Dulmatin,Umar Patek
Enceng Kurnia,Abdullah Sunata
Enceng Kurnia,Asep Jaja
Enceng Kurnia,Harun
Enceng Kurnia,Hence Malewa
Enceng Kurnia,Irun Hidayat
Enceng Kurnia,Iwan Dharmawan
Enceng Kurnia,Mohamed Saifuddin (alias Faiz)
Enceng Kurnia,Purnama Putra
Enceng Kurnia,Rosihin Noor
Enceng Kurnia,Saptono
Hambali,Abdul Rauf
Hambali,Abu Bakar Ba'asyir
Hambali,Ali Ghufron
Hambali,Asmar Latin Sani
Hambali,Azhari Husin
Hambali,Dulmatin
Hambali,Imam Samudra
Hambali,Iqbal
Hambali,Ismail
Hambali,Mohamed Ihsan
Hambali,Mohamed Rais
Hambali,Noordin Mohammed Top
Hambali,Sardona Siliwangi
Hambali,Tohir
Hambali,Toni Togar
Hambali,Umar Patek
Hari Kuncoro,Abdullah Sunata
Hari Kuncoro,Ahmad Rofiq Ridho
Hari Kuncoro,Aris Munandar
Hari Kuncoro,Asep Jaja
Hari Kuncoro,Dani Chandra
Hari Kuncoro,Dulmatin
Hari Kuncoro,Marwan
Hari Kuncoro,Mohamed Saifuddin (alias Faiz)
Hari Kuncoro,Muchtar
Hari Kuncoro,Purnama Putra
Hari Kuncoro,Salman
Hari Kuncoro,Suramto
Hari Kuncoro,Ubeid
Hari Kuncoro,Umar Patek
Hari Kuncoro,Umar Wayan
Hari Kuncoro,Usman bin Sef
Hari Kuncoro,Zulkarnaen
Harun,Abdullah Sunata
Harun,Abu Fida
Harun,Achmad Hasan
Harun,Agus Ahmad
Harun,Apuy
Harun,Asep Jaja
Harun,Azhari Husin
Harun,Baharudin Soleh
Harun,Chandra
Harun,Enceng Kurnia
Harun,Hence Malewa
Harun,Heri Golun
Harun,Heri Sigu Samboja
Harun,Iqbal Huseini
Harun,Irun Hidayat
Harun,Iwan Dharmawan
Harun,Mohamed Saifuddin (alias Faiz)
Harun,Noordin Mohammed Top
Harun,Purnama Putra
Harun,Son Hadi
Harun,Ubeid
Harun,Umar
Harun,Urwah
Hence Malewa,Abdullah Sunata
Hence Malewa,Asep Jaja
Hence Malewa,Enceng Kurnia
Hence Malewa,Harun
Hence Malewa,Mohamed Saifuddin (alias Faiz)
Hence Malewa,Purnama Putra
Heri Golun,Abu Fida
Heri Golun,Achmad Hasan
Heri Golun,Agus Ahmad
Heri Golun,Apuy
Heri Golun,Azhari Husin
Heri Golun,Baharudin Soleh
Heri Golun,Chandra
Heri Golun,Harun
Heri Golun,Heri Sigu Samboja
Heri Golun,Iqbal Huseini
Heri Golun,Irun Hidayat
Heri Golun,Iwan Dharmawan
Heri Golun,Noordin Mohammed Top
Heri Golun,Saptono
Heri Golun,Son Hadi
Heri Golun,Suramto
Heri Golun,Ubeid
Heri Golun,Umar
Heri Golun,Urwah
Heri Sigu Samboja,Abu Fida
Heri Sigu Samboja,Achmad Hasan
Heri Sigu Samboja,Agus Ahmad
Heri Sigu Samboja,Apuy
Heri Sigu Samboja,Azhari Husin
Heri Sigu Samboja,Baharudin Soleh
Heri Sigu Samboja,Chandra
Heri Sigu Samboja,Cholily
Heri Sigu Samboja,Harun
Heri Sigu Samboja,Heri Golun
Heri Sigu Samboja,Iqbal Huseini
Heri Sigu Samboja,Irun Hidayat
Heri Sigu Samboja,Iwan Dharmawan
Heri Sigu Samboja,Jabir
Heri Sigu Samboja,Noordin Mohammed Top
Heri Sigu Samboja,Son Hadi
Heri Sigu Samboja,Ubeid
Heri Sigu Samboja,Umar
Heri Sigu Samboja,Urwah
Heri Sigu Samboja,Usman bin Sef
Imam Bukhori,Ahmad Rofiq Ridho
Imam Bukhori,Azhari Husin
Imam Bukhori,Iwan Dharmawan
Imam Bukhori,Jabir
Imam Bukhori,Mus'ab Sahidi
Imam Bukhori,Noordin Mohammed Top
Imam Samudra,Abdul Rauf
Imam Samudra,Abu Bakar Ba'asyir
Imam Samudra,Ali Ghufron
Imam Samudra,Azhari Husin
Imam Samudra,Dulmatin
Imam Samudra,Hambali
Imam Samudra,Iqbal
Imam Samudra,Mohamed Ihsan
Imam Samudra,Toni Togar
Imam Samudra,Umar Patek
Iqbal,Abdul Rauf
Iqbal,Ali Ghufron
Iqbal,Azhari Husin
Iqbal,Dulmatin
Iqbal,Hambali
Iqbal,Imam Samudra
Iqbal,Mohamed Ihsan
Iqbal,Toni Togar
Iqbal,Umar Patek
Iqbal Huseini,Abu Fida
Iqbal Huseini,Achmad Hasan
Iqbal Huseini,Agus Ahmad
Iqbal Huseini,Apuy
Iqbal Huseini,Azhari Husin
Iqbal Huseini,Baharudin Soleh
Iqbal Huseini,Chandra
Iqbal Huseini,Harun
Iqbal Huseini,Heri Golun
Iqbal Huseini,Heri Sigu Samboja
Iqbal Huseini,Irun Hidayat
Iqbal Huseini,Iwan Dharmawan
Iqbal Huseini,Noordin Mohammed Top
Iqbal Huseini,Son Hadi
Iqbal Huseini,Ubeid
Iqbal Huseini,Umar
Iqbal Huseini,Urwah
Irun Hidayat,Abu Fida
Irun Hidayat,Achmad Hasan
Irun Hidayat,Agus Ahmad
Irun Hidayat,Apuy
Irun Hidayat,Azhari Husin
Irun Hidayat,Baharudin Soleh
Irun Hidayat,Chandra
Irun Hidayat,Enceng Kurnia
Irun Hidayat,Harun
Irun Hidayat,Heri Golun
Irun Hidayat,Heri Sigu Samboja
Irun Hidayat,Iqbal Huseini
Irun Hidayat,Iwan Dharmawan
Irun Hidayat,Noordin Mohammed Top
Irun Hidayat,Rosihin Noor
Irun Hidayat,Saptono
Irun Hidayat,Son Hadi
Irun Hidayat,Ubeid
Irun Hidayat,Umar
Irun Hidayat,Urwah
Ismail,Abu Dujanah
Ismail,Asmar Latin Sani
Ismail,Azhari Husin
Ismail,Hambali
Ismail,Mohamed Ihsan
Ismail,Mohamed Rais
Ismail,Noordin Mohammed Top
Ismail,Qotadah
Ismail,Sardona Siliwangi
Ismail,Tohir
Ismail,Toni Togar
Iwan Dharmawan,Abu Fida
Iwan Dharmawan,Achmad Hasan
Iwan Dharmawan,Agus Ahmad
Iwan Dharmawan,Ahmad Rofiq Ridho
Iwan Dharmawan,Apuy
Iwan Dharmawan,Azhari Husin
Iwan Dharmawan,Baharudin Soleh
Iwan Dharmawan,Chandra
Iwan Dharmawan,Enceng Kurnia
Iwan Dharmawan,Harun
Iwan Dharmawan,Heri Golun
Iwan Dharmawan,Heri Sigu Samboja
Iwan Dharmawan,Imam Bukhori
Iwan Dharmawan,Iqbal Huseini
Iwan Dharmawan,Irun Hidayat
Iwan Dharmawan,Jabir
Iwan Dharmawan,Mus'ab Sahidi
Iwan Dharmawan,Noordin Mohammed Top
Iwan Dharmawan,Rosihin Noor
Iwan Dharmawan,Said Sungkar
Iwan Dharmawan,Saptono
Iwan Dharmawan,Son Hadi
Iwan Dharmawan,Suramto
Iwan Dharmawan,Ubeid
Iwan Dharmawan,Umar
Iwan Dharmawan,Urwah
Iwan Dharmawan,Usman bin Sef
Jabir,Ahmad Rofiq Ridho
Jabir,Anif Solchanudin
Jabir,Azhari Husin
Jabir,Baharudin Soleh
Jabir,Cholily
Jabir,Heri Sigu Samboja
Jabir,Imam Bukhori
Jabir,Iwan Dharmawan
Jabir,Misno
Jabir,Noordin Mohammed Top
Jabir,Salik Firdaus
Jabir,Subur Sugiarto
Joko Triharmanto,Ahmad Rofiq Ridho
Joko Triharmanto,Noordin Mohammed Top
Joko Triharmanto,Purnama Putra
Joni Achmad Fauzan,Ahmad Rofiq Ridho
Marwan,Abdullah Sunata
Marwan,Dulmatin
Marwan,Hari Kuncoro
Marwan,Mohamed Saifuddin (alias Faiz)
Marwan,Salman
Marwan,Umar Patek
Misno,Anif Solchanudin
Misno,Azhari Husin
Misno,Baharudin Soleh
Misno,Jabir
Misno,Noordin Mohammed Top
Misno,Salik Firdaus
Misno,Subur Sugiarto
Mohamed Ihsan,Abdul Rauf
Mohamed Ihsan,Abu Bakar Ba'asyir
Mohamed Ihsan,Ali Ghufron
Mohamed Ihsan,Asmar Latin Sani
Mohamed Ihsan,Azhari Husin
Mohamed Ihsan,Dulmatin
Mohamed Ihsan,Hambali
Mohamed Ihsan,Imam Samudra
Mohamed Ihsan,Iqbal
Mohamed Ihsan,Ismail
Mohamed Ihsan,Mohamed Rais
Mohamed Ihsan,Noordin Mohammed Top
Mohamed Ihsan,Sardona Siliwangi
Mohamed Ihsan,Tohir
Mohamed Ihsan,Toni Togar
Mohamed Ihsan,Umar Patek
Mohamed Rais,Asmar Latin Sani
Mohamed Rais,Azhari Husin
Mohamed Rais,Hambali
Mohamed Rais,Ismail
Mohamed Rais,Mohamed Ihsan
Mohamed Rais,Noordin Mohammed Top
Mohamed Rais,Sardona Siliwangi
Mohamed Rais,Tohir
Mohamed Rais,Toni Togar
Mohamed Saifuddin (alias Faiz),Abdullah Sunata
Mohamed Saifuddin (alias Faiz),Ahmad Rofiq Ridho
Mohamed Saifuddin (alias Faiz),Akram
Mohamed Saifuddin (alias Faiz),Aris Munandar
Mohamed Saifuddin (alias Faiz),Asep Jaja
Mohamed Saifuddin (alias Faiz),Dani Chandra
Mohamed Saifuddin (alias Faiz),Dulmatin
Mohamed Saifuddin (alias Faiz),Enceng Kurnia
Mohamed Saifuddin (alias Faiz),Hari Kuncoro
Mohamed Saifuddin (alias Faiz),Harun
Mohamed Saifuddin (alias Faiz),Hence Malewa
Mohamed Saifuddin (alias Faiz),Marwan
Mohamed Saifuddin (alias Faiz),Muchtar
Mohamed Saifuddin (alias Faiz),Noordin Mohammed Top
Mohamed Saifuddin (alias Faiz),Purnama Putra
Mohamed Saifuddin (alias Faiz),Salman
Mohamed Saifuddin (alias Faiz),Suramto
Mohamed Saifuddin (alias Faiz),Umar Patek
Mohamed Saifuddin (alias Faiz),Umar Wayan
Mohamed Saifuddin (alias Faiz),Zulkarnaen
Muchtar,Abdullah Sunata
Muchtar,Aris Munandar
Muchtar,Asep Jaja
Muchtar,Dani Chandra
Muchtar,Hari Kuncoro
Muchtar,Mohamed Saifuddin (alias Faiz)
Muchtar,Salman
Muchtar,Suramto
Muchtar,Umar Wayan
Muchtar,Zulkarnaen
Mus'ab Sahidi,Ahmad Rofiq Ridho
Mus'ab Sahidi,Imam Bukhori
Mus'ab Sahidi,Iwan Dharmawan
Noordin Mohammed Top,Abu Dujanah
Noordin Mohammed Top,Abu Fida
Noordin Mohammed Top,Achmad Hasan
Noordin Mohammed Top,Agus Ahmad
Noordin Mohammed Top,Ahmad Rofiq Ridho
Noordin Mohammed Top,Anif Solchanudin
Noordin Mohammed Top,Apuy
Noordin Mohammed Top,Asmar Latin Sani
Noordin Mohammed Top,Azhari Husin
Noordin Mohammed Top,Baharudin Soleh
Noordin Mohammed Top,Chandra
Noordin Mohammed Top,Cholily
Noordin Mohammed Top,Hambali
Noordin Mohammed Top,Harun
Noordin Mohammed Top,Heri Golun
Noordin Mohammed Top,Heri Sigu Samboja
Noordin Mohammed Top,Imam Bukhori
Noordin Mohammed Top,Iqbal Huseini
Noordin Mohammed Top,Irun Hidayat
Noordin Mohammed Top,Ismail
Noordin Mohammed Top,Iwan Dharmawan
Noordin Mohammed Top,Jabir
Noordin Mohammed Top,Joko Triharmanto
Noordin Mohammed Top,Misno
Noordin Mohammed Top,Mohamed Ihsan
Noordin Mohammed Top,Mohamed Rais
Noordin Mohammed Top,Mohamed Saifuddin (alias Faiz)
Noordin Mohammed Top,Purnama Putra
Noordin Mohammed Top,Qotadah
Noordin Mohammed Top,Salik Firdaus
Noordin Mohammed Top,Saptono
Noordin Mohammed Top,Sardona Siliwangi
Noordin Mohammed Top,Son Hadi
Noordin Mohammed Top,Subur Sugiarto
Noordin Mohammed Top,Suramto
Noordin Mohammed Top,Tohir
Noordin Mohammed Top,Toni Togar
Noordin Mohammed Top,Ubeid
Noordin Mohammed Top,Umar
Noordin Mohammed Top,Urwah
Noordin Mohammed Top,Usman bin Sef
Purnama Putra,Abdullah Sunata
Purnama Putra,Abu Fida
Purnama Putra,Ahmad Rofiq Ridho
Purnama Putra,Asep Jaja
Purnama Putra,Enceng Kurnia
Purnama Putra,Hari Kuncoro
Purnama Putra,Harun
Purnama Putra,Hence Malewa
Purnama Putra,Joko Triharmanto
Purnama Putra,Mohamed Saifuddin (alias Faiz)
Purnama Putra,Noordin Mohammed Top
Purnama Putra,Ubeid
Purnama Putra,Usman bin Sef
Qotadah,Abu Dujanah
Qotadah,Azhari Husin
Qotadah,Cholily
Qotadah,Ismail
Qotadah,Noordin Mohammed Top
Rosihin Noor,Enceng Kurnia
Rosihin Noor,Irun Hidayat
Rosihin Noor,Iwan Dharmawan
Rosihin Noor,Saptono
Said Sungkar,Iwan Dharmawan
Said Sungkar,Usman bin Sef
Salik Firdaus,Anif Solchanudin
Salik Firdaus,Azhari Husin
Salik Firdaus,Baharudin Soleh
Salik Firdaus,Jabir
Salik Firdaus,Misno
Salik Firdaus,Noordin Mohammed Top
Salik Firdaus,Subur Sugiarto
Salman,Abdullah Sunata
Salman,Aris Munandar
Salman,Asep Jaja
Salman,Dani Chandra
Salman,Dulmatin
Salman,Hari Kuncoro
Salman,Marwan
Salman,Mohamed Saifuddin (alias Faiz)
Salman,Muchtar
Salman,Suramto
Salman,Umar Patek
Salman,Umar Wayan
Salman,Zulkarnaen
Saptono,Apuy
Saptono,Enceng Kurnia
Saptono,Heri Golun
Saptono,Irun Hidayat
Saptono,Iwan Dharmawan
Saptono,Noordin Mohammed Top
Saptono,Rosihin Noor
Saptono,Suramto
Saptono,Ubeid
Saptono,Umar
Saptono,Urwah
Sardona Siliwangi,Asmar Latin Sani
Sardona Siliwangi,Azhari Husin
Sardona Siliwangi,Hambali
Sardona Siliwangi,Ismail
Sardona Siliwangi,Mohamed Ihsan
Sardona Siliwangi,Mohamed Rais
Sardona Siliwangi,Noordin Mohammed Top
Sardona Siliwangi,Tohir
Sardona Siliwangi,Toni Togar
Son Hadi,Abu Fida
Son Hadi,Achmad Hasan
Son Hadi,Adung
Son Hadi,Agus Ahmad
Son Hadi,Apuy
Son Hadi,Azhari Husin
Son Hadi,Baharudin Soleh
Son Hadi,Chandra
Son Hadi,Harun
Son Hadi,Heri Golun
Son Hadi,Heri Sigu Samboja
Son Hadi,Iqbal Huseini
Son Hadi,Irun Hidayat
Son Hadi,Iwan Dharmawan
Son Hadi,Noordin Mohammed Top
Son Hadi,Ubeid
Son Hadi,Umar
Son Hadi,Urwah
Son Hadi,Usman bin Sef
Subur Sugiarto,Anif Solchanudin
Subur Sugiarto,Azhari Husin
Subur Sugiarto,Baharudin Soleh
Subur Sugiarto,Jabir
Subur Sugiarto,Misno
Subur Sugiarto,Noordin Mohammed Top
Subur Sugiarto,Salik Firdaus
Suramto,Abdullah Sunata
Suramto,Abu Fida
Suramto,Apuy
Suramto,Aris Munandar
Suramto,Asep Jaja
Suramto,Dani Chandra
Suramto,Hari Kuncoro
Suramto,Heri Golun
Suramto,Iwan Dharmawan
Suramto,Mohamed Saifuddin (alias Faiz)
Suramto,Muchtar
Suramto,Noordin Mohammed Top
Suramto,Salman
Suramto,Saptono
Suramto,Ubeid
Suramto,Umar
Suramto,Umar Wayan
Suramto,Urwah
Suramto,Zulkarnaen
Tohir,Asmar Latin Sani
Tohir,Azhari Husin
Tohir,Hambali
Tohir,Ismail
Tohir,Mohamed Ihsan
Tohir,Mohamed Rais
Tohir,Noordin Mohammed Top
Tohir,Sardona Siliwangi
Tohir,Toni Togar
Toni Togar,Abdul Rauf
Toni Togar,Abu Bakar Ba'asyir
Toni Togar,Ali Ghufron
Toni Togar,Asmar Latin Sani
Toni Togar,Azhari Husin
Toni Togar,Dulmatin
Toni Togar,Hambali
Toni Togar,Imam Samudra
Toni Togar,Iqbal
Toni Togar,Ismail
Toni Togar,Mohamed Ihsan
Toni Togar,Mohamed Rais
Toni Togar,Noordin Mohammed Top
Toni Togar,Sardona Siliwangi
Toni Togar,Tohir
Toni Togar,Umar Patek
Ubeid,Abdullah Sunata
Ubeid,Abu Fida
Ubeid,Achmad Hasan
Ubeid,Agus Ahmad
Ubeid,Ahmad Rofiq Ridho
Ubeid,Apuy
Ubeid,Azhari Husin
Ubeid,Baharudin Soleh
Ubeid,Chandra
Ubeid,Hari Kuncoro
Ubeid,Harun
Ubeid,Heri Golun
Ubeid,Heri Sigu Samboja
Ubeid,Iqbal Huseini
Ubeid,Irun Hidayat
Ubeid,Iwan Dharmawan
Ubeid,Noordin Mohammed Top
Ubeid,Purnama Putra
Ubeid,Saptono
Ubeid,Son Hadi
Ubeid,Suramto
Ubeid,Umar
Ubeid,Urwah
Ubeid,Usman bin Sef
Umar,Abu Fida
Umar,Achmad Hasan
Umar,Agus Ahmad
Umar,Apuy
Umar,Azhari Husin
Umar,Baharudin Soleh
Umar,Chandra
Umar,Harun
Umar,Heri Golun
Umar,Heri Sigu Samboja
Umar,Iqbal Huseini
Umar,Irun Hidayat
Umar,Iwan Dharmawan
Umar,Noordin Mohammed Top
Umar,Saptono
Umar,Son Hadi
Umar,Suramto
Umar,Ubeid
Umar,Urwah
Umar Patek,Abdul Rauf
Umar Patek,Abdullah Sunata
Umar Patek,Ali Ghufron
Umar Patek,Azhari Husin
Umar Patek,Dulmatin
Umar Patek,Hambali
Umar Patek,Hari Kuncoro
Umar Patek,Imam Samudra
Umar Patek,Iqbal
Umar Patek,Marwan
Umar Patek,Mohamed Ihsan
Umar Patek,Mohamed Saifuddin (alias Faiz)
Umar Patek,Salman
Umar Patek,Toni Togar
Umar Wayan,Abdullah Sunata
Umar Wayan,Aris Munandar
Umar Wayan,Asep Jaja
Umar Wayan,Dani Chandra
Umar Wayan,Hari Kuncoro
Umar Wayan,Mohamed Saifuddin (alias Faiz)
Umar Wayan,Muchtar
Umar Wayan,Salman
Umar Wayan,Suramto
Umar Wayan,Zulkarnaen
Urwah,Abu Fida
Urwah,Achmad Hasan
Urwah,Agus Ahmad
Urwah,Apuy
Urwah,Azhari Husin
Urwah,Baharudin Soleh
Urwah,Chandra
Urwah,Harun
Urwah,Heri Golun
Urwah,Heri Sigu Samboja
Urwah,Iqbal Huseini
Urwah,Irun Hidayat
Urwah,Iwan Dharmawan
Urwah,Noordin Mohammed Top
Urwah,Saptono
Urwah,Son Hadi
Urwah,Suramto
Urwah,Ubeid
Urwah,Umar
Usman bin Sef,Abdullah Sunata
Usman bin Sef,Abu Fida
Usman bin Sef,Ahmad Rofiq Ridho
Usman bin Sef,Azhari Husin
Usman bin Sef,Hari Kuncoro
Usman bin Sef,Heri Sigu Samboja
Usman bin Sef,Iwan Dharmawan
Usman bin Sef,Noordin Mohammed Top
Usman bin Sef,Purnama Putra
Usman bin Sef,Said Sungkar
Usman bin Sef,Son Hadi
Usman bin Sef,Ubeid
Zulkarnaen,Abdullah Sunata
Zulkarnaen,Aris Munandar
Zulkarnaen,Asep Jaja
Zulkarnaen,Dani Chandra
Zulkarnaen,Hari Kuncoro
Zulkarnaen,Mohamed Saifuddin (alias Faiz)
Zulkarnaen,Muchtar
Zulkarnaen,Salman
Zulkarnaen,Suramto
Zulkarnaen,Umar Wayan